﻿pos_x,pos_y,rotation,side,designator,mpn,pack,value,mount_type,place
20.39,44.21,-90.0,top,C1,,C_0805_2012Metric,0.1u,smt,True
38.575,4.95,-90.0,top,J1,,PinHeader_1x03_P2.54mm_Vertical,Servo3,tht,True
42.8,32.7,90.0,top,J10,,JST_XH_B4B-XH-A_1x04_P2.50mm_Vertical,IR1,tht,True
5.0,56.0,0.0,top,J11,,PinSocket_1x13_P2.54mm_Horizontal,Conn_01x13_Female,tht,True
34.8,45.6,90.0,top,J12,,JST_XH_B3B-XH-A_1x03_P2.50mm_Vertical,IR Object Detector 1,tht,True
42.8,19.8,90.0,top,J14,,JST_XH_B4B-XH-A_1x04_P2.50mm_Vertical,IR2,tht,True
33.8,55.0,90.0,top,J17,,PinSocket_1x06_P2.54mm_Vertical,MC1,tht,True
53.17,72.18,0.0,top,J18,,PinSocket_1x06_P2.54mm_Vertical,MC2,tht,True
52.925,10.55,180.0,top,J19,,PinHeader_1x03_P2.54mm_Vertical,Servo1,tht,True
26.7014,10.5,180.0,top,J2,,PinSocket_1x20_P2.54mm_Vertical,Conn_01x20_Female,tht,True
34.8,32.7,90.0,top,J20,,JST_XH_B4B-XH-A_1x04_P2.50mm_Vertical,SRF1,tht,True
42.8,9.4,90.0,top,J21,,JST_XH_B3B-XH-A_1x03_P2.50mm_Vertical,ENC2,tht,True
34.8,60.686,90.0,top,J23,,JST_XH_B4B-XH-A_1x04_P2.50mm_Vertical,MC1-A,tht,True
42.8,60.696,90.0,top,J24,,JST_XH_B4B-XH-A_1x04_P2.50mm_Vertical,MC1-B,tht,True
34.8,19.8,90.0,top,J25,,JST_XH_B4B-XH-A_1x04_P2.50mm_Vertical,SRF2,tht,True
42.8,45.6,90.0,top,J26,,JST_XH_B3B-XH-A_1x03_P2.50mm_Vertical,ENC1,tht,True
52.925,1.9,180.0,top,J27,,PinHeader_1x03_P2.54mm_Vertical,Servo2,tht,True
50.8,19.8,90.0,top,J28,,JST_XH_B4B-XH-A_1x04_P2.50mm_Vertical,I2C2,tht,True
38.575,1.775,-90.0,top,J3,,PinHeader_1x03_P2.54mm_Vertical,Servo4,tht,True
50.8,32.7,90.0,top,J30,,JST_XH_B4B-XH-A_1x04_P2.50mm_Vertical,I2C1,tht,True
3.7,62.525,90.0,top,J33,,PinSocket_1x04_P2.54mm_Vertical,line out left,tht,True
18.75,79.2125,180.0,top,J34,,USB_Micro-B_Molex-105017-0001,Power in,smt,True
14.33,9.25,0.0,top,J35,,USB_A_Molex_67643_Horizontal,Power out,tht,True
48.25,10.75,0.0,top,J37,,PinHeader_1x02_P2.54mm_Vertical,on/off,tht,True
8.871,10.5,180.0,top,J4,,PinSocket_1x20_P2.54mm_Vertical,Conn_01x20_Female,tht,True
50.8,45.6,90.0,top,J7,,JST_XH_B3B-XH-A_1x03_P2.50mm_Vertical,Keypad,tht,True
23.925,62.2786,180.0,top,J8,,PinSocket_1x06_P2.54mm_Vertical,Conn_01x06_Female,tht,True
34.8,9.4,90.0,top,J9,,JST_XH_B3B-XH-A_1x03_P2.50mm_Vertical,IR Object Detector 2,tht,True
30.45,59.69,90.0,top,Q1,,SOT-23,DMG2305UX,smt,True
18.025,52.025,-90.0,top,Q2,,SOT-23,DMN2050L,smt,True
29.75,45.325,90.0,top,R10,,R_1206_3216Metric,4.7k,smt,True
29.775,50.8875,-90.0,top,R11,,R_1206_3216Metric,10k,smt,True
20.45,55.95,0.0,top,R2,,R_1206_3216Metric,330,smt,True
15.6875,55.95,0.0,top,R3,,R_1206_3216Metric,10k,smt,True
29.75,39.4,-90.0,top,R4,,R_1206_3216Metric,10k,smt,True
29.75,33.425,90.0,top,R5,,R_1206_3216Metric,4.7k,smt,True
29.75,26.725,-90.0,top,R6,,R_1206_3216Metric,10k,smt,True
29.75,20.525,90.0,top,R7,,R_1206_3216Metric,4.7k,smt,True
15.0358,15.3322,0.0,top,R8,,R_1206_3216Metric,10k,smt,True
19.69,15.33,180.0,top,R9,,R_1206_3216Metric,4.7k,smt,True
43.85,2.475,0.0,top,SW1,,SW_Slide_1P2T_CK_OS102011MS2Q,on/off,tht,True
17.91,34.71,0.0,top,U1,,SOIC-16_3.9x9.9mm_P1.27mm,CH340C,smt,True
15.91,44.85,90.0,top,U2,,MSOP-10_3x3mm_P0.5mm,CH340E,smt,True
