﻿designator,quantity,value,pack,mpn,mount_type
C1,1,0.1u,C_0805_2012Metric,,smt
J1,1,Servo3,PinHeader_1x03_P2.54mm_Vertical,,tht
J10,1,IR1,JST_XH_B4B-XH-A_1x04_P2.50mm_Vertical,,tht
J11,1,Conn_01x13_Female,PinSocket_1x13_P2.54mm_Horizontal,,tht
J12,1,IR Object Detector 1,JST_XH_B3B-XH-A_1x03_P2.50mm_Vertical,,tht
J14,1,IR2,JST_XH_B4B-XH-A_1x04_P2.50mm_Vertical,,tht
J17,1,MC1,PinSocket_1x06_P2.54mm_Vertical,,tht
J18,1,MC2,PinSocket_1x06_P2.54mm_Vertical,,tht
J19,1,Servo1,PinHeader_1x03_P2.54mm_Vertical,,tht
"J2, J4",2,Conn_01x20_Female,PinSocket_1x20_P2.54mm_Vertical,,tht
J20,1,SRF1,JST_XH_B4B-XH-A_1x04_P2.50mm_Vertical,,tht
J21,1,ENC2,JST_XH_B3B-XH-A_1x03_P2.50mm_Vertical,,tht
J23,1,MC1-A,JST_XH_B4B-XH-A_1x04_P2.50mm_Vertical,,tht
J24,1,MC1-B,JST_XH_B4B-XH-A_1x04_P2.50mm_Vertical,,tht
J25,1,SRF2,JST_XH_B4B-XH-A_1x04_P2.50mm_Vertical,,tht
J26,1,ENC1,JST_XH_B3B-XH-A_1x03_P2.50mm_Vertical,,tht
J27,1,Servo2,PinHeader_1x03_P2.54mm_Vertical,,tht
J28,1,I2C2,JST_XH_B4B-XH-A_1x04_P2.50mm_Vertical,,tht
J3,1,Servo4,PinHeader_1x03_P2.54mm_Vertical,,tht
J30,1,I2C1,JST_XH_B4B-XH-A_1x04_P2.50mm_Vertical,,tht
J33,1,line out left,PinSocket_1x04_P2.54mm_Vertical,,tht
J34,1,Power in,USB_Micro-B_Molex-105017-0001,,smt
J35,1,Power out,USB_A_Molex_67643_Horizontal,,tht
J37,1,on/off,PinHeader_1x02_P2.54mm_Vertical,,tht
J7,1,Keypad,JST_XH_B3B-XH-A_1x03_P2.50mm_Vertical,,tht
J8,1,Conn_01x06_Female,PinSocket_1x06_P2.54mm_Vertical,,tht
J9,1,IR Object Detector 2,JST_XH_B3B-XH-A_1x03_P2.50mm_Vertical,,tht
Q1,1,DMG2305UX,SOT-23,,smt
Q2,1,DMN2050L,SOT-23,,smt
"R10, R5, R7, R9",4,4.7k,R_1206_3216Metric,,smt
"R11, R3, R4, R6, R8",5,10k,R_1206_3216Metric,,smt
R2,1,330,R_1206_3216Metric,,smt
SW1,1,on/off,SW_Slide_1P2T_CK_OS102011MS2Q,,tht
U1,1,CH340C,SOIC-16_3.9x9.9mm_P1.27mm,,smt
U2,1,CH340E,MSOP-10_3x3mm_P0.5mm,,smt
