﻿designator,quantity,value,pack,mpn,mount_type
A1,1,RaspberryPi-PicoH,Raspberry_Pi_Pico_double,,tht
"H1, H2, H3, H4",4,MountingHole_Pad,MountingHole_4.3mm_M4_Pad,,tht
"J1, J2, J3, J4",4,sonar_conn,JST_XH_B4B-XH-A_1x04_P2.50mm_Vertical,,tht
J10,1,IMU MPU-9250,MPU9250,,tht
"J11, J12, J13, J14",4,encoder_motor,JST_XH_B4B-XH-A_1x04_P2.50mm_Vertical,,tht
J15,1,PWR_IN,"TerminalBlock_Phoenix_PT-1,5-2-5.0-H_1x02_P5.00mm_Horizontal",,tht
J17,1,NO relay contacts,"TerminalBlock_Phoenix_PT-1,5-2-5.0-H_1x02_P5.00mm_Horizontal",,tht
J18,1,INA226_POWER_CONN,"TerminalBlock_Phoenix_PT-1,5-4-5.0-H_1x04_P5.00mm_Horizontal",,tht
J19,1,relay,JST_XH_B4B-XH-A_1x04_P2.50mm_Vertical,,tht
J20,1,PWR_ON_SWITCH,"TerminalBlock_Phoenix_PT-1,5-2-5.0-H_1x02_P5.00mm_Horizontal",,tht
J21,1,5v_regulator,"TerminalBlock_Phoenix_PT-1,5-4-5.0-H_1x04_P5.00mm_Horizontal",,tht
J22,1,hbridge_1,"TerminalBlock_Phoenix_PT-1,5-2-5.0-H_1x02_P5.00mm_Horizontal",,tht
J23,1,hbridge_2,"TerminalBlock_Phoenix_PT-1,5-2-5.0-H_1x02_P5.00mm_Horizontal",,tht
J24,1,led_strip,JST_XH_B3B-XH-A_1x03_P2.50mm_Vertical,,tht
J25,1,USB_A,USB_A_Molex_67643_Horizontal,,tht
J27,1,PWR_ON_SWITCH,JST_XH_B2B-XH-A_1x02_P2.50mm_Vertical,,tht
J5,1,servo_connector,JST_PH_B3B-PH-K_1x03_P2.00mm_Vertical,,tht
J6,1,servo_connector_small,JST_PH_B3B-PH-K_1x03_P2.00mm_Vertical,,tht
J7,1,INA226,JST_XH_B4B-XH-A_1x04_P2.50mm_Vertical,,tht
J8,1,oled_conn,JST_XH_B4B-XH-A_1x04_P2.50mm_Vertical,,tht
J9,1,pca9685,JST_XH_B6B-XH-AM_1x06_P2.50mm_Vertical,,tht
JP2,1,LED_POWER_SELECT,SolderJumper-3_P2.0mm_Open_TrianglePad1.0x1.5mm,,tht
NT1,1,NetTie_2,NetTie-2_SMD_Pad0.5mm,,tht
Q1,1,DMG2305UX,SOT-23,,smt
"R1, R2, R3, R4",4,10k,R_1206_3216Metric,,smt
"R5, R6, R7, R8",4,4k7,R_1206_3216Metric,,smt
