﻿pos_x,pos_y,rotation,side,designator,mpn,pack,value,mount_type,place
113.2075,-64.69,0.0,top,A1,,Raspberry_Pi_Pico_double,RaspberryPi-PicoH,tht,True
99.06,-88.9,180.0,top,J1,,JST_XH_B4B-XH-A_1x04_P2.50mm_Vertical,sonar_conn,tht,True
85.09,-98.425,180.0,top,J10,,MPU9250,IMU MPU-9250,tht,True
129.8619,-121.445,-90.0,top,J11,,JST_XH_B4B-XH-A_1x04_P2.50mm_Vertical,encoder_motor,tht,True
120.7236,-121.405,-90.0,top,J12,,JST_XH_B4B-XH-A_1x04_P2.50mm_Vertical,encoder_motor,tht,True
110.8119,-121.405,-90.0,top,J13,,JST_XH_B4B-XH-A_1x04_P2.50mm_Vertical,encoder_motor,tht,True
100.9002,-121.405,-90.0,top,J14,,JST_XH_B4B-XH-A_1x04_P2.50mm_Vertical,encoder_motor,tht,True
61.38,-125.73,180.0,top,J15,,AMASS_XT90-F_1x02_P11.00mm_Vertical,batt_xt90,tht,True
55.03,-115.57,90.0,top,J16,,DEANS,batt_deans,tht,True
39.887,-119.6108,-90.0,top,J17,,"TerminalBlock_Phoenix_PT-1,5-2-5.0-H_1x02_P5.00mm_Horizontal",NO relay contacts,tht,True
37.965,-83.365,-90.0,top,J18,,"TerminalBlock_Phoenix_PT-1,5-4-5.0-H_1x04_P5.00mm_Horizontal",INA226_POWER_CONN,tht,True
78.74,-103.625,-90.0,top,J19,,JST_XH_B4B-XH-A_1x04_P2.50mm_Vertical,relay,tht,True
99.02,-97.155,180.0,top,J2,,JST_XH_B4B-XH-A_1x04_P2.50mm_Vertical,sonar_conn,tht,True
39.497,-108.3208,-90.0,top,J20,,"TerminalBlock_Phoenix_PT-1,5-2-5.0-H_1x02_P5.00mm_Horizontal",PWR_ON_SWITCH,tht,True
37.965,-60.585,-90.0,top,J21,,"TerminalBlock_Phoenix_PT-1,5-4-5.0-H_1x04_P5.00mm_Horizontal",5v_regulator,tht,True
67.23,-60.96,180.0,top,J22,,"TerminalBlock_Phoenix_PT-1,5-2-5.0-H_1x02_P5.00mm_Horizontal",hbridge_1,tht,True
54.61,-60.96,180.0,top,J23,,"TerminalBlock_Phoenix_PT-1,5-2-5.0-H_1x02_P5.00mm_Horizontal",hbridge_2,tht,True
85.09,-69.77,90.0,top,J24,,JST_XH_B3B-XH-A_1x03_P2.50mm_Vertical,led_strip,tht,True
75.55,-122.555,0.0,top,J25,,USB_A_Molex_67643_Horizontal,USB_A,tht,True
54.69,-106.045,0.0,top,J26,,"TerminalBlock_Phoenix_PT-1,5-2-5.0-H_1x02_P5.00mm_Horizontal",PWR_ON_SWITCH,tht,True
99.06,-104.775,180.0,top,J3,,JST_XH_B4B-XH-A_1x04_P2.50mm_Vertical,sonar_conn,tht,True
99.02,-112.395,180.0,top,J4,,JST_XH_B4B-XH-A_1x04_P2.50mm_Vertical,sonar_conn,tht,True
100.965,-69.31,90.0,top,J5,,JST_PH_B3B-PH-K_1x03_P2.00mm_Vertical,servo_connector,tht,True
93.98,-69.31,90.0,top,J6,,JST_PH_B3B-PH-K_1x03_P2.00mm_Vertical,servo_connector_small,tht,True
47.625,-93.345,90.0,top,J7,,JST_XH_B4B-XH-A_1x04_P2.50mm_Vertical,INA226,tht,True
66.815,-95.865,90.0,top,J8,,JST_XH_B4B-XH-A_1x04_P2.50mm_Vertical,oled_conn,tht,True
57.015,-95.865,90.0,top,J9,,JST_XH_B6B-XH-AM_1x06_P2.50mm_Vertical,pca9685,tht,True
78.74,-67.34,-90.0,top,JP1,,SolderJumper-3_P1.3mm_Bridged12_RoundedPad1.0x1.5mm,LED_STRIP_POWER_SELECT,tht,True
132.08,-58.7225,90.0,top,Q1,,SOT-23,DMG2305UX,smt,True
106.045,-89.535,-90.0,top,R1,,R_1206_3216Metric,10k,smt,True
106.045,-97.79,-90.0,top,R2,,R_1206_3216Metric,10k,smt,True
106.045,-105.41,-90.0,top,R3,,R_1206_3216Metric,10k,smt,True
106.085,-113.03,-90.0,top,R4,,R_1206_3216Metric,10k,smt,True
103.505,-89.535,90.0,top,R5,,R_1206_3216Metric,4k7,smt,True
103.505,-97.79,90.0,top,R6,,R_1206_3216Metric,4k7,smt,True
103.505,-105.41,90.0,top,R7,,R_1206_3216Metric,4k7,smt,True
103.545,-113.03,90.0,top,R8,,R_1206_3216Metric,4k7,smt,True
