﻿pos_x,pos_y,rotation,side,designator,mpn,pack,value,mount_type,place
67.056,-20.089,0.0,top,A1,,Raspberry_Pi_Pico_double,RaspberryPi-PicoH,tht,True
5.0,-75.0,0.0,top,H1,,MountingHole_3.2mm_M3_Pad,MountingHole_Pad,tht,True
5.0,-5.0,0.0,top,H2,,MountingHole_3.2mm_M3_Pad,MountingHole_Pad,tht,True
85.0,-5.0,0.0,top,H3,,MountingHole_3.2mm_M3_Pad,MountingHole_Pad,tht,True
85.0,-75.0,0.0,top,H4,,MountingHole_3.2mm_M3_Pad,MountingHole_Pad,tht,True
46.228,-41.656,-90.0,top,J1,,JST_XH_B4B-XH-A_1x04_P2.50mm_Vertical,sonar_conn,tht,True
35.913,-39.949,180.0,top,J10,,MPU9250,IMU MPU-9250,tht,True
54.3898,-68.533,-90.0,top,J11,,JST_XH_B4B-XH-A_1x04_P2.50mm_Vertical,encoder_motor,tht,True
46.2788,-68.64,-90.0,top,J12,,JST_XH_B4B-XH-A_1x04_P2.50mm_Vertical,encoder_motor,tht,True
38.1508,-68.64,-90.0,top,J13,,JST_XH_B4B-XH-A_1x04_P2.50mm_Vertical,encoder_motor,tht,True
30.0228,-68.64,-90.0,top,J14,,JST_XH_B4B-XH-A_1x04_P2.50mm_Vertical,encoder_motor,tht,True
6.1214,-62.056,-90.0,top,J15,,"TerminalBlock_Phoenix_PT-1,5-2-5.0-H_1x02_P5.00mm_Horizontal",PWR_IN,tht,True
6.1214,-51.9176,-90.0,top,J17,,"TerminalBlock_Phoenix_PT-1,5-2-5.0-H_1x02_P5.00mm_Horizontal",NO relay contacts,tht,True
6.079,-21.4306,-90.0,top,J18,,"TerminalBlock_Phoenix_PT-1,5-4-5.0-H_1x04_P5.00mm_Horizontal",INA226_POWER_CONN,tht,True
16.3178,-50.6676,-90.0,top,J19,,JST_XH_B4B-XH-A_1x04_P2.50mm_Vertical,relay,tht,True
46.228,-55.245,-90.0,top,J2,,JST_XH_B4B-XH-A_1x04_P2.50mm_Vertical,sonar_conn,tht,True
6.088,-41.696,-90.0,top,J20,,"TerminalBlock_Phoenix_PT-1,5-2-5.0-H_1x02_P5.00mm_Horizontal",PWR_ON_SWITCH,tht,True
31.924,-5.588,180.0,top,J21,,"TerminalBlock_Phoenix_PT-1,5-4-5.0-H_1x04_P5.00mm_Horizontal",5v_regulator,tht,True
52.1025,-4.7015,0.0,top,J22,,CONN-TH_XY126V-5.0-2P,hbridge_1,tht,True
41.3695,-4.7015,0.0,top,J23,,CONN-TH_XY126V-5.0-2P,hbridge_2,tht,True
43.163,-34.504,90.0,top,J24,,JST_XH_B3B-XH-A_1x03_P2.50mm_Vertical,led_strip,tht,True
70.469,-9.314,180.0,top,J25,,USB_A_Molex_67643_Horizontal,USB_A,tht,True
43.053,-22.479,90.0,top,J27,,JST_XH_B2B-XH-A_1x02_P2.50mm_Vertical,PWR_ON_SWITCH,tht,True
54.356,-41.649,-90.0,top,J3,,JST_XH_B4B-XH-A_1x04_P2.50mm_Vertical,sonar_conn,tht,True
54.373,-55.178,-90.0,top,J4,,JST_XH_B4B-XH-A_1x04_P2.50mm_Vertical,sonar_conn,tht,True
50.673,-23.05,90.0,top,J5,,JST_PH_B3B-PH-K_1x03_P2.00mm_Vertical,servo_connector,tht,True
57.658,-23.05,90.0,top,J6,,JST_PH_B3B-PH-K_1x03_P2.00mm_Vertical,servo_connector_small,tht,True
16.4338,-25.1806,-90.0,top,J7,,JST_XH_B4B-XH-A_1x04_P2.50mm_Vertical,INA226,tht,True
34.544,-55.9216,90.0,top,J8,,JST_XH_B4B-XH-A_1x04_P2.50mm_Vertical,oled_conn,tht,True
27.432,-58.4216,90.0,top,J9,,JST_XH_B6B-XH-AM_1x06_P2.50mm_Vertical,pca9685,tht,True
50.165,-31.82,-90.0,top,JP2,,SolderJumper-3_P2.0mm_Open_TrianglePad1.0x1.5mm,LED_POWER_SELECT,tht,True
8.771,-67.056,0.0,top,NT1,,NetTie-2_SMD_Pad0.5mm,NetTie_2,tht,False
79.6775,-21.397,0.0,top,Q1,,SOT-23,DMG2305UX,smt,True
41.148,-44.0035,90.0,top,R1,,R_1206_3216Metric,10k,smt,True
41.148,-56.642,90.0,top,R2,,R_1206_3216Metric,10k,smt,True
59.944,-43.8765,90.0,top,R3,,R_1206_3216Metric,10k,smt,True
59.944,-57.277,90.0,top,R4,,R_1206_3216Metric,10k,smt,True
41.148,-48.5795,90.0,top,R5,,R_1206_3216Metric,4k7,smt,True
41.148,-61.341,90.0,top,R6,,R_1206_3216Metric,4k7,smt,True
59.944,-48.514,90.0,top,R7,,R_1206_3216Metric,4k7,smt,True
59.944,-61.976,90.0,top,R8,,R_1206_3216Metric,4k7,smt,True
